  {
    "title_id": 0,
    "title": "Be Melodramatic"
  },
  {
    "title_id": 1,
    "title": "Yaksha: Ruthless Operations"
  },
  {
    "title_id": 2,
    "title": "All of Us Are Dead"
  },
  {
    "title_id": 3,
    "title": "Squid Game"
  },
  {
    "title_id": 4,
    "title": "Hellbound"
  },
  {
    "title_id": 5,
    "title": "The Pirates: The Last Royal Treasure"
  },
  {
    "title_id": 6,
    "title": "Juvenile Justice"
  },
  {
    "title_id": 7,
    "title": "Sweet & Sour"
  },
  {
    "title_id": 8,
    "title": "The 8th Night"
  },
  {
    "title_id": 9,
    "title": "The Silent Sea"
  },
  {
    "title_id": 10,
    "title": "Love Alarm"
  },
  {
    "title_id": 11,
    "title": "Love and Leashes"
  },
  {
    "title_id": 12,
    "title": "My Name"
  },
  {
    "title_id": 13,
    "title": "The Larva Island Movie"
  },
  {
    "title_id": 14,
    "title": "Twenty Five Twenty One"
  },
  {
    "title_id": 15,
    "title": "Boys Over Flowers"
  },
  {
    "title_id": 16,
    "title": "The K2"
  },
  {
    "title_id": 17,
    "title": "Sweet Home"
  },
  {
    "title_id": 18,
    "title": "Space Sweepers"
  },
  {
    "title_id": 19,
    "title": "It's Okay to Not Be Okay"
  },
  {
    "title_id": 20,
    "title": "Our Blues"
  },
  {
    "title_id": 21,
    "title": "Kingdom"
  },
  {
    "title_id": 22,
    "title": "Night in Paradise"
  },
  {
    "title_id": 23,
    "title": "My Liberation Notes"
  },
  {
    "title_id": 24,
    "title": "The Beauty Inside"
  },
  {
    "title_id": 25,
    "title": "#Alive"
  },
  {
    "title_id": 26,
    "title": "Hospital Playlist"
  },
  {
    "title_id": 27,
    "title": "The Heirs"
  },
  {
    "title_id": 28,
    "title": "The Sound of Magic"
  },
  {
    "title_id": 29,
    "title": "A Korean Odyssey"
  },
  {
    "title_id": 30,
    "title": "Nevertheless,"
  },
  {
    "title_id": 31,
    "title": "Crash Landing on You"
  },
  {
    "title_id": 32,
    "title": "The King: Eternal Monarch"
  },
  {
    "title_id": 33,
    "title": "Green Mothers' Club"
  },
  {
    "title_id": 34,
    "title": "Vincenzo"
  },
  {
    "title_id": 35,
    "title": "Romance Is a Bonus Book"
  },
  {
    "title_id": 36,
    "title": "Tune in for Love"
  },
  {
    "title_id": 37,
    "title": "Bulgasal: Immortal Souls"
  },
  {
    "title_id": 38,
    "title": "Move to Heaven"
  },
  {
    "title_id": 39,
    "title": "Tomorrow"
  },
  {
    "title_id": 40,
    "title": "Pandora"
  },
  {
    "title_id": 41,
    "title": "The King's Affection"
  },
  {
    "title_id": 42,
    "title": "Extracurricular"
  },
  {
    "title_id": 43,
    "title": "Hometown Cha-Cha-Cha"
  },
  {
    "title_id": 44,
    "title": "The Call"
  },
  {
    "title_id": 45,
    "title": "Hotel Del Luna"
  },
  {
    "title_id": 46,
    "title": "Love (ft. Marriage and Divorce)"
  },
  {
    "title_id": 47,
    "title": "My First First Love"
  },
  {
    "title_id": 48,
    "title": "My Holo Love"
  },
  {
    "title_id": 49,
    "title": "Record of Youth"
  },
  {
    "title_id": 50,
    "title": "Kingdom: Ashin of the North"
  },
  {
    "title_id": 51,
    "title": "Itaewon Class"
  },
  {
    "title_id": 52,
    "title": "Her Private Life"
  },
  {
    "title_id": 53,
    "title": "Psychokinesis"
  },
  {
    "title_id": 54,
    "title": "Arthdal Chronicles"
  },
  {
    "title_id": 55,
    "title": "My ID is Gangnam Beauty"
  },
  {
    "title_id": 56,
    "title": "Hi Bye, Mama!"
  },
  {
    "title_id": 57,
    "title": "Mr. Sunshine"
  },
  {
    "title_id": 58,
    "title": "The Raincoat Killer: Chasing a Predator in Korea"
  },
  {
    "title_id": 59,
    "title": "The Uncanny Counter"
  },
  {
    "title_id": 60,
    "title": "The Battleship Island"
  },
  {
    "title_id": 61,
    "title": "Rookie Historian Goo Hae-Ryung"
  },
  {
    "title_id": 62,
    "title": "Okja"
  },
  {
    "title_id": 63,
    "title": "Forecasting Love and Weather"
  },
  {
    "title_id": 64,
    "title": "Vagabond"
  },
  {
    "title_id": 65,
    "title": "Cinderella and Four Knights"
  },
  {
    "title_id": 66,
    "title": "Start-Up"
  },
  {
    "title_id": 67,
    "title": "Another Miss Oh"
  },
  {
    "title_id": 68,
    "title": "Touch Your Heart"
  },
  {
    "title_id": 69,
    "title": "So Not Worth It"
  },
  {
    "title_id": 70,
    "title": "Octonauts: Above & Beyond"
  },
  {
    "title_id": 71,
    "title": "Revenger"
  },
  {
    "title_id": 72,
    "title": "Stranger"
  },
  {
    "title_id": 73,
    "title": "Black"
  },
  {
    "title_id": 74,
    "title": "SKY Castle"
  }